uav_no,id,country,region,district,subdistrict,map_x,map_y,created,updated,risk,Habitat_1,Habitat_2,Habitat_3,Habitat_4,Habitat_5,Habitat_6,Habitat_7,Habitat_8,Habitat_9,Artificial,Natural,Size_1,Size_2,Size_3,Size_4,Vegetation_Inside,Vegetation_Around,Turbidity_Clear,Turbidity_Medium,Turbidity_Very_Turbid,Turbidiy_Clear,probabilities_low,probabilities_high
1,1,Ghana,Accra,Ada,September,5.785860062861742,0.611916784,9/26/2026 18:35,9/26/2026 18:35,Low,0,0,0,0,1,0,0,0,0,0,1,0,0,1,0,0,1,,0,1,0,0.5962739366864938,0.4037260633135063
2,2,Ghana,Accra,Ada,September,5.785847602105552,0.611961677,9/26/2026 18:35,9/26/2026 18:35,High,0,0,0,0,1,0,0,0,0,0,1,0,0,1,0,0,1,,1,0,0,0.2681639662273082,0.7318360337726918
3,3,Ghana,Accra,Ada,September,5.785722333695211,0.611823857,9/26/2026 18:35,9/26/2026 18:35,High,0,0,0,0,1,0,0,0,0,0,1,0,0,1,0,0,1,,1,0,0,0.2681639662273082,0.7318360337726918
4,4,Ghana,Accra,Ada,September,5.785750381278901,0.61173088,9/26/2026 18:35,9/26/2026 18:35,High,0,0,0,0,1,0,0,0,0,0,1,0,0,1,0,0,1,,1,0,0,0.2681639662273082,0.7318360337726918
5,5,Ghana,Accra,Ada,September,5.785689608308485,0.611719719,9/26/2026 18:35,9/26/2026 18:35,High,0,0,0,0,1,0,0,0,0,0,1,0,0,1,0,0,1,,1,0,0,0.2681639662273082,0.7318360337726918
6,6,Ghana,Accra,Ada,September,5.785740063966371,0.612220059,9/26/2026 18:35,9/26/2026 18:35,High,0,0,0,0,1,0,0,0,0,0,1,0,0,1,0,0,1,,1,0,0,0.2681639662273082,0.7318360337726918
7,7,Ghana,Accra,Ada,September,5.785678563929563,0.612192381,9/26/2026 18:35,9/26/2026 18:35,High,0,0,0,0,1,0,0,0,0,0,1,0,0,1,0,0,1,,1,0,0,0.2681639662273082,0.7318360337726918
8,8,Ghana,Accra,Ada,September,5.785790906901444,0.612274719,9/26/2026 18:35,9/26/2026 18:35,High,0,0,0,0,1,0,0,0,0,0,1,0,0,1,0,0,1,,1,0,0,0.2681639662273082,0.7318360337726918
9,9,Ghana,Accra,Ada,September,5.785756460800195,0.612328371,9/26/2026 18:35,9/26/2026 18:35,High,0,0,0,0,1,0,0,0,0,0,1,0,1,0,0,0,1,,1,0,0,0.19969809183282017,0.8003019081671798
10,10,Ghana,Accra,Ada,September,5.785702931449419,0.613079033,9/26/2026 18:35,9/26/2026 18:35,Low,0,0,0,0,1,0,0,0,0,0,1,0,0,1,0,0,1,,0,1,0,0.5962739366864938,0.4037260633135063
11,11,Ghana,Accra,Ada,September,5.785679893495158,0.613125613,9/26/2026 18:35,9/26/2026 18:35,High,0,0,0,0,1,0,0,0,0,0,1,0,0,1,0,1,1,,0,1,0,0.32945139362218145,0.6705486063778185
12,12,Ghana,Accra,Ada,September,5.785772674572972,0.613150376,9/26/2026 18:35,9/26/2026 18:35,High,0,0,0,0,1,0,0,0,0,0,1,0,0,1,0,0,1,,1,0,0,0.2681639662273082,0.7318360337726918
13,13,Ghana,Accra,Ada,September,5.785989148739595,0.613129731,9/26/2026 18:35,9/26/2026 18:35,High,0,0,0,0,1,0,0,0,0,0,1,0,0,1,0,0,1,,1,0,0,0.2681639662273082,0.7318360337726918
14,14,Ghana,Accra,Ada,September,5.785973610673637,0.61320692,9/26/2026 18:35,9/26/2026 18:35,High,0,0,0,0,1,0,0,0,0,0,1,0,0,1,0,1,1,,0,1,0,0.32945139362218145,0.6705486063778185
15,15,Ghana,Accra,Ada,September,5.786018658849563,0.613250899,9/26/2026 18:35,9/26/2026 18:35,High,0,0,0,0,1,0,0,0,0,0,1,0,0,1,0,0,1,,1,0,0,0.2681639662273082,0.7318360337726918
16,16,Ghana,Accra,Ada,September,5.786008919201256,0.613310427,9/26/2026 18:35,9/26/2026 18:35,High,0,0,0,0,1,0,0,0,0,0,1,0,1,0,0,1,1,,0,1,0,0.46824565657789774,0.5317543434221023
17,17,Ghana,Accra,Ada,September,5.786002661632867,0.613357032,9/26/2026 18:35,9/26/2026 18:35,High,0,0,0,0,1,0,0,0,0,0,1,0,0,1,0,1,1,,0,1,0,0.32945139362218145,0.6705486063778185
18,18,Ghana,Accra,Ada,September,5.785954991841324,0.61340101,9/26/2026 18:35,9/26/2026 18:35,High,0,0,0,0,1,0,0,0,0,0,1,0,0,1,0,1,1,,0,1,0,0.32945139362218145,0.6705486063778185
19,19,Ghana,Accra,Ada,September,5.785892541489968,0.613367376,9/26/2026 18:35,9/26/2026 18:35,High,0,0,0,0,1,0,0,0,0,0,1,0,0,1,0,1,1,,0,1,0,0.32945139362218145,0.6705486063778185
20,20,Ghana,Accra,Ada,September,5.785835491,0.613411736,9/26/2026 18:35,9/26/2026 18:35,High,0,0,0,0,1,0,0,0,0,0,1,0,0,1,0,1,1,,0,1,0,0.32945139362218145,0.6705486063778185
21,21,Ghana,Accra,Ada,September,5.785788332493999,0.613390006,9/26/2026 18:35,9/26/2026 18:35,High,0,0,0,0,1,0,0,0,0,0,1,0,0,1,0,1,1,,0,1,0,0.32945139362218145,0.6705486063778185
22,22,Ghana,Accra,Ada,September,5.785787303989278,0.613429829,9/26/2026 18:35,9/26/2026 18:35,High,0,0,0,0,1,0,0,0,0,0,1,0,0,1,0,1,1,,1,0,0,0.30942109992835454,0.6905789000716455
23,23,Ghana,Accra,Ada,September,5.785802765,0.613486073,9/26/2026 18:35,9/26/2026 18:35,High,0,0,0,0,1,0,0,0,0,0,1,0,0,1,0,1,1,,0,1,0,0.32945139362218145,0.6705486063778185
24,24,Ghana,Accra,Ada,September,5.785809408238037,0.61353698,9/26/2026 18:35,9/26/2026 18:35,High,0,0,0,0,1,0,0,0,0,0,1,0,0,1,0,0,1,,1,0,0,0.2681639662273082,0.7318360337726918
25,25,Ghana,Accra,Ada,September,5.785768752356869,0.61330765,9/26/2026 18:35,9/26/2026 18:35,Low,0,0,0,0,1,0,0,0,0,0,1,0,0,1,0,0,1,,0,1,0,0.5962739366864938,0.4037260633135063
26,26,Ghana,Accra,Ada,September,5.785714098992012,0.613538518,9/26/2026 18:35,9/26/2026 18:35,Low,0,0,0,0,1,0,0,0,0,0,1,0,0,1,0,0,1,,0,1,0,0.5962739366864938,0.4037260633135063
27,27,Ghana,Accra,Ada,September,5.785927713,0.613457661,9/26/2026 18:35,9/26/2026 18:35,Low,0,0,0,0,1,0,0,0,0,0,1,0,0,1,0,0,1,,0,1,0,0.5962739366864938,0.4037260633135063
28,28,Ghana,Accra,Ada,September,5.785873849651737,0.613469604,9/26/2026 18:35,9/26/2026 18:35,High,0,0,0,0,1,0,0,0,0,0,1,0,0,1,0,1,1,,0,1,0,0.32945139362218145,0.6705486063778185
29,29,Ghana,Accra,Ada,September,5.785869512760995,0.613513106,9/26/2026 18:35,9/26/2026 18:35,Low,0,0,0,0,1,0,0,0,0,0,1,0,0,1,0,0,1,,0,1,0,0.5962739366864938,0.4037260633135063
30,30,Ghana,Accra,Ada,September,5.786145080719559,0.613318662,9/26/2026 18:35,9/26/2026 18:35,High,0,0,0,0,1,0,0,0,0,0,1,0,0,1,0,0,1,,1,0,0,0.2681639662273082,0.7318360337726918
31,31,Ghana,Accra,Ada,September,5.786080098088553,0.613366277,9/26/2026 18:35,9/26/2026 18:35,High,0,0,0,0,1,0,0,0,0,0,1,0,0,1,0,1,1,,0,1,0,0.32945139362218145,0.6705486063778185
32,32,Ghana,Accra,Ada,September,5.785997642727438,0.613501983,9/26/2026 18:35,9/26/2026 18:35,Low,0,0,0,0,1,0,0,0,0,0,1,0,0,1,0,0,1,,0,1,0,0.5962739366864938,0.4037260633135063
33,33,Ghana,Accra,Ada,September,5.786034607182482,0.613513159,9/26/2026 18:35,9/26/2026 18:35,High,0,0,0,0,1,0,0,0,0,0,1,0,0,1,0,1,1,,0,1,0,0.32945139362218145,0.6705486063778185
34,34,Ghana,Accra,Ada,September,5.785990874809141,0.613578674,9/26/2026 18:35,9/26/2026 18:35,High,0,0,0,0,1,0,0,0,0,0,1,0,0,1,0,1,1,,0,1,0,0.32945139362218145,0.6705486063778185
35,35,Ghana,Accra,Ada,September,5.786096524690894,0.61353472,9/26/2026 18:35,9/26/2026 18:35,High,0,0,0,0,1,0,0,0,0,0,1,0,0,1,0,1,1,,0,1,0,0.32945139362218145,0.6705486063778185
36,36,Ghana,Accra,Ada,September,5.786131924762866,0.613447616,9/26/2026 18:35,9/26/2026 18:35,High,0,0,0,0,1,0,0,0,0,0,1,0,0,1,0,1,1,,0,1,0,0.32945139362218145,0.6705486063778185
37,37,Ghana,Accra,Ada,September,5.786133559894908,0.613396668,9/26/2026 18:35,9/26/2026 18:35,High,0,0,0,0,1,0,0,0,0,0,1,0,1,0,0,0,1,,0,1,0,0.44977795790958164,0.5502220420904184
38,38,Ghana,Accra,Ada,September,5.786180059073326,0.61342126,9/26/2026 18:35,9/26/2026 18:35,High,0,0,0,0,1,0,0,0,0,0,1,0,1,0,0,0,1,,0,1,0,0.44977795790958164,0.5502220420904184
39,39,Ghana,Accra,Ada,September,5.786167818425425,0.613499893,9/26/2026 18:35,9/26/2026 18:35,High,0,0,0,0,1,0,0,0,0,0,1,0,1,0,0,0,1,,0,1,0,0.44977795790958164,0.5502220420904184
40,40,Ghana,Accra,Ada,September,5.786214465095463,0.613514163,9/26/2026 18:35,9/26/2026 18:35,Low,0,0,0,0,1,0,0,0,0,0,1,0,0,1,0,0,1,,0,1,0,0.5962739366864938,0.4037260633135063
41,41,Ghana,Accra,Ada,September,5.786222527930049,0.613446407,9/26/2026 18:35,9/26/2026 18:35,High,0,0,0,0,1,0,0,0,0,0,1,0,0,1,0,0,1,,1,0,0,0.2681639662273082,0.7318360337726918
42,42,Ghana,Accra,Ada,September,5.786290424126809,0.61347567,9/26/2026 18:35,9/26/2026 18:35,High,0,0,0,0,1,0,0,0,0,0,1,0,1,0,0,0,1,,1,0,0,0.19969809183282017,0.8003019081671798
43,43,Ghana,Accra,Ada,September,5.786287592844893,0.613515236,9/26/2026 18:35,9/26/2026 18:35,Low,0,0,0,0,1,0,0,0,0,0,1,1,0,0,0,0,1,,0,1,0,0.5519999093343158,0.4480000906656842
44,44,Ghana,Accra,Ada,September,5.785724326,0.613388488,9/26/2026 18:35,9/26/2026 18:35,High,0,0,0,0,1,0,0,0,0,0,1,0,0,1,0,1,1,,0,1,0,0.32945139362218145,0.6705486063778185
45,45,Ghana,Accra,Ada,September,5.785766859676396,0.613795583,9/26/2026 18:35,9/26/2026 18:35,High,0,0,0,0,1,0,0,0,0,0,1,0,0,1,0,1,1,,0,1,0,0.32945139362218145,0.6705486063778185
46,46,Ghana,Accra,Ada,September,5.785772583995495,0.613864155,9/26/2026 18:35,9/26/2026 18:35,Low,0,0,0,0,1,0,0,0,0,0,1,0,0,1,0,0,0,,0,1,0,0.6877045518308804,0.3122954481691196
47,47,Ghana,Accra,Ada,September,5.785823320985313,0.61380995,9/26/2026 18:35,9/26/2026 18:35,High,0,0,0,0,1,0,0,0,0,0,1,0,0,1,0,1,1,,1,0,0,0.30942109992835454,0.6905789000716455
48,48,Ghana,Accra,Ada,September,5.785783632506389,0.613704063,9/26/2026 18:35,9/26/2026 18:35,High,0,0,0,0,1,0,0,0,0,0,1,0,0,1,0,1,1,,1,0,0,0.30942109992835454,0.6905789000716455
49,49,Ghana,Accra,Ada,September,5.785825268441768,0.613640476,9/26/2026 18:35,9/26/2026 18:35,High,0,0,0,0,1,0,0,0,0,0,1,0,1,0,0,0,1,,1,0,0,0.19969809183282017,0.8003019081671798
50,50,Ghana,Accra,Ada,September,5.786036622895143,0.613783167,9/26/2026 18:35,9/26/2026 18:35,High,0,0,0,0,1,0,0,0,0,0,1,0,1,0,0,0,1,,1,0,0,0.19969809183282017,0.8003019081671798
51,51,Ghana,Accra,Ada,September,5.786071654807643,0.613730656,9/26/2026 18:35,9/26/2026 18:35,High,0,0,0,0,1,0,0,0,0,0,1,0,0,1,0,0,1,,1,0,0,0.2681639662273082,0.7318360337726918
52,52,Ghana,Accra,Ada,September,5.786085595237996,0.613794455,9/26/2026 18:35,9/26/2026 18:35,High,0,0,0,0,1,0,0,0,0,0,1,0,1,0,0,0,1,,0,1,0,0.44977795790958164,0.5502220420904184
53,53,Ghana,Accra,Ada,September,5.786093932929782,0.613868754,9/26/2026 18:35,9/26/2026 18:35,High,0,0,0,0,1,0,0,0,0,0,1,0,1,0,0,0,1,,1,0,0,0.19969809183282017,0.8003019081671798
54,54,Ghana,Accra,Ada,September,5.786107021180494,0.613939734,9/26/2026 18:35,9/26/2026 18:35,High,0,0,0,0,1,0,0,0,0,0,1,0,1,0,0,0,1,,1,0,0,0.19969809183282017,0.8003019081671798
55,55,Ghana,Accra,Ada,September,5.786164806885228,0.613883556,9/26/2026 18:35,9/26/2026 18:35,High,0,0,0,0,1,0,0,0,0,0,1,0,0,1,0,0,1,,1,0,0,0.2681639662273082,0.7318360337726918
56,56,Ghana,Accra,Ada,September,5.785995708192648,0.613845098,9/26/2026 18:35,9/26/2026 18:35,High,0,0,0,0,1,0,0,0,0,0,1,0,1,0,0,0,1,,0,1,0,0.44977795790958164,0.5502220420904184
57,57,Ghana,Accra,Ada,September,5.786245306697016,0.614055043,9/26/2026 18:35,9/26/2026 18:35,High,0,0,0,0,1,0,0,0,0,0,1,0,1,0,0,0,1,,1,0,0,0.19969809183282017,0.8003019081671798
58,58,Ghana,Accra,Ada,September,5.786310455,0.614068992,9/26/2026 18:35,9/26/2026 18:35,Low,0,0,0,0,1,0,0,0,0,0,1,0,0,1,0,0,1,,0,1,0,0.5962739366864938,0.4037260633135063
59,59,Ghana,Accra,Ada,September,5.786402762711814,0.613984107,9/26/2026 18:35,9/26/2026 18:35,High,0,0,0,0,1,0,0,0,0,0,1,0,1,0,0,0,1,,1,0,0,0.19969809183282017,0.8003019081671798
60,60,Ghana,Accra,Ada,September,5.786404488457936,0.614046643,9/26/2026 18:35,9/26/2026 18:35,High,0,0,0,0,1,0,0,0,0,0,1,0,1,0,0,0,1,,1,0,0,0.19969809183282017,0.8003019081671798
61,61,Ghana,Accra,Ada,September,5.786394029088742,0.614150924,9/26/2026 18:35,9/26/2026 18:35,High,0,0,0,0,1,0,0,0,0,0,1,0,0,1,0,0,1,,1,0,0,0.2681639662273082,0.7318360337726918
62,62,Ghana,Accra,Ada,September,5.785962536993322,0.614144428,9/26/2026 18:35,9/26/2026 18:35,High,0,0,0,0,1,0,0,0,0,0,1,0,1,0,0,0,1,,1,0,0,0.19969809183282017,0.8003019081671798
63,63,Ghana,Accra,Ada,September,5.785933541949822,0.614258955,9/26/2026 18:35,9/26/2026 18:35,High,0,0,0,0,1,0,0,0,0,0,1,0,0,1,0,1,1,,1,0,0,0.30942109992835454,0.6905789000716455
64,64,Ghana,Accra,Ada,September,5.785887865201626,0.614276043,9/26/2026 18:35,9/26/2026 18:35,Low,0,0,0,0,1,0,0,0,0,0,1,0,0,1,0,0,1,,0,1,0,0.5962739366864938,0.4037260633135063
65,65,Ghana,Accra,Ada,September,5.785957494192005,0.614306381,9/26/2026 18:35,9/26/2026 18:35,High,0,0,0,0,1,0,0,0,0,0,1,0,0,1,0,1,1,,0,1,0,0.32945139362218145,0.6705486063778185
66,66,Ghana,Accra,Ada,September,5.785947072278869,0.614351498,9/26/2026 18:35,9/26/2026 18:35,High,0,0,0,0,1,0,0,0,0,0,1,0,1,0,0,0,1,,1,0,0,0.19969809183282017,0.8003019081671798
67,67,Ghana,Accra,Ada,September,5.785893210532126,0.614401947,9/26/2026 18:35,9/26/2026 18:35,High,0,0,0,0,1,0,0,0,0,0,1,0,0,1,0,1,1,,0,1,0,0.32945139362218145,0.6705486063778185
68,68,Ghana,Accra,Ada,September,5.785841886809471,0.614462473,9/26/2026 18:35,9/26/2026 18:35,Low,0,0,0,0,1,0,0,0,0,0,1,0,0,1,0,0,1,,0,1,0,0.5962739366864938,0.4037260633135063
69,69,Ghana,Accra,Ada,September,5.785798656734985,0.614459621,9/26/2026 18:35,9/26/2026 18:35,Low,0,0,0,0,1,0,0,0,0,0,1,0,0,1,0,0,1,,0,1,0,0.5962739366864938,0.4037260633135063
70,70,Ghana,Accra,Ada,September,5.785819250136851,0.614396849,9/26/2026 18:35,9/26/2026 18:35,High,0,0,0,0,1,0,0,0,0,0,1,0,0,1,0,1,1,,0,1,0,0.32945139362218145,0.6705486063778185
71,71,Ghana,Accra,Ada,September,5.785776511,0.614400172,9/26/2026 18:35,9/26/2026 18:35,High,0,0,0,0,1,0,0,0,0,0,1,0,0,1,0,1,1,,0,1,0,0.32945139362218145,0.6705486063778185
72,72,Ghana,Accra,Ada,September,5.785881112,0.614501983,9/26/2026 18:35,9/26/2026 18:35,Low,0,0,0,0,1,0,0,0,0,0,1,0,0,1,0,0,1,,0,1,0,0.5962739366864938,0.4037260633135063
73,73,Ghana,Accra,Ada,September,5.785927419067071,0.614581341,9/26/2026 18:35,9/26/2026 18:35,High,0,0,0,0,1,0,0,0,0,0,1,0,1,0,0,0,1,,1,0,0,0.19969809183282017,0.8003019081671798
74,74,Ghana,Accra,Ada,September,5.785935004840261,0.614511453,9/26/2026 18:35,9/26/2026 18:35,High,0,0,0,0,1,0,0,0,0,0,1,0,1,0,0,0,1,,1,0,0,0.19969809183282017,0.8003019081671798
75,75,Ghana,Accra,Ada,September,5.785984740507307,0.614625325,9/26/2026 18:35,9/26/2026 18:35,Low,0,0,0,0,1,0,0,0,0,0,1,0,0,1,0,0,1,,0,1,0,0.5962739366864938,0.4037260633135063
76,76,Ghana,Accra,Ada,September,5.786026980972152,0.614516615,9/26/2026 18:35,9/26/2026 18:35,High,0,0,0,0,1,0,0,0,0,0,1,0,1,0,0,0,1,,1,0,0,0.19969809183282017,0.8003019081671798
77,77,Ghana,Accra,Ada,September,5.786013756,0.614253807,9/26/2026 18:35,9/26/2026 18:35,Low,0,0,0,0,1,0,0,0,0,0,1,0,0,1,0,0,1,,0,1,0,0.5962739366864938,0.4037260633135063
78,78,Ghana,Accra,Ada,September,5.786006900401639,0.614298616,9/26/2026 18:35,9/26/2026 18:35,High,0,0,0,0,1,0,0,0,0,0,1,0,1,0,0,0,1,,1,0,0,0.19969809183282017,0.8003019081671798
79,79,Ghana,Accra,Ada,September,5.786069597932194,0.614467873,9/26/2026 18:35,9/26/2026 18:35,Low,0,0,0,0,1,0,0,0,0,0,1,0,0,1,0,0,1,,0,1,0,0.5962739366864938,0.4037260633135063
80,80,Ghana,Accra,Ada,September,5.786077649384135,0.614412632,9/26/2026 18:35,9/26/2026 18:35,High,0,0,0,0,1,0,0,0,0,0,1,0,0,1,0,1,1,,0,1,0,0.32945139362218145,0.6705486063778185
81,81,Ghana,Accra,Ada,September,5.786116750171754,0.614395973,9/26/2026 18:35,9/26/2026 18:35,Low,0,0,0,0,1,0,0,0,0,0,1,0,0,1,0,0,1,,0,1,0,0.5962739366864938,0.4037260633135063
82,82,Ghana,Accra,Ada,September,5.786122978866191,0.61432384,9/26/2026 18:35,9/26/2026 18:35,Low,0,0,0,0,1,0,0,0,0,0,1,0,0,1,0,0,1,,0,1,0,0.5962739366864938,0.4037260633135063
83,83,Ghana,Accra,Ada,September,5.786134199,0.614441838,9/26/2026 18:35,9/26/2026 18:35,Low,0,0,0,0,1,0,0,0,0,0,1,0,0,1,0,0,1,,0,1,0,0.5962739366864938,0.4037260633135063
84,84,Ghana,Accra,Ada,September,5.786153238983877,0.614477217,9/26/2026 18:35,9/26/2026 18:35,High,0,0,0,0,1,0,0,0,0,0,1,0,1,0,0,0,1,,0,1,0,0.44977795790958164,0.5502220420904184
85,85,Ghana,Accra,Ada,September,5.786183065394957,0.614280707,9/26/2026 18:35,9/26/2026 18:35,High,0,0,0,0,1,0,0,0,0,0,1,0,1,0,0,0,1,,0,1,0,0.44977795790958164,0.5502220420904184
86,86,Ghana,Accra,Ada,September,5.786065579648771,0.614636929,9/26/2026 18:35,9/26/2026 18:35,Low,0,0,0,0,1,0,0,0,0,0,1,0,0,1,0,0,1,,0,1,0,0.5962739366864938,0.4037260633135063
87,87,Ghana,Accra,Ada,September,5.785945253468255,0.614851677,9/26/2026 18:35,9/26/2026 18:35,Low,0,0,0,0,1,0,0,0,0,0,1,0,0,1,0,0,1,,0,1,0,0.5962739366864938,0.4037260633135063
88,88,Ghana,Accra,Ada,September,5.785870599048863,0.614949674,9/26/2026 18:35,9/26/2026 18:35,Low,0,0,0,0,1,0,0,0,0,0,1,0,0,1,0,0,1,,0,1,0,0.5962739366864938,0.4037260633135063
89,89,Ghana,Accra,Ada,September,5.785981420063536,0.614813975,9/26/2026 18:35,9/26/2026 18:35,Low,0,0,0,0,1,0,0,0,0,0,1,0,0,1,0,0,1,,0,1,0,0.5962739366864938,0.4037260633135063
90,90,Ghana,Accra,Ada,September,5.786060526565765,0.614866116,9/26/2026 18:35,9/26/2026 18:35,High,0,0,0,0,1,0,0,0,0,0,1,0,1,0,0,1,1,,0,1,0,0.46824565657789774,0.5317543434221023
91,91,Ghana,Accra,Ada,September,5.786121293968709,0.61483394,9/26/2026 18:35,9/26/2026 18:35,High,0,0,0,0,1,0,0,0,0,0,1,0,0,1,0,1,1,,1,0,0,0.30942109992835454,0.6905789000716455
92,92,Ghana,Accra,Ada,September,5.786115214809844,0.614929615,9/26/2026 18:35,9/26/2026 18:35,High,0,0,0,0,1,0,0,0,0,0,1,0,0,1,0,1,1,,0,1,0,0.32945139362218145,0.6705486063778185
93,93,Ghana,Accra,Ada,September,5.786172566,0.61483474,9/26/2026 18:35,9/26/2026 18:35,High,0,0,0,0,1,0,0,0,0,0,1,0,1,0,0,0,1,,0,1,0,0.44977795790958164,0.5502220420904184
94,94,Ghana,Accra,Ada,September,5.786230998916071,0.614837295,9/26/2026 18:35,9/26/2026 18:35,High,0,0,0,0,1,0,0,0,0,0,1,0,1,0,0,0,1,,1,0,0,0.19969809183282017,0.8003019081671798
95,95,Ghana,Accra,Ada,September,5.786301233661562,0.614953406,9/26/2026 18:35,9/26/2026 18:35,High,0,0,0,0,1,0,0,0,0,0,1,0,1,0,0,0,1,,0,1,0,0.44977795790958164,0.5502220420904184
96,96,Ghana,Accra,Ada,September,5.786291876787465,0.614853602,9/26/2026 18:35,9/26/2026 18:35,High,0,0,0,0,1,0,0,0,0,0,1,0,1,0,0,0,1,,1,0,0,0.19969809183282017,0.8003019081671798
97,97,Ghana,Accra,Ada,September,5.786318043128682,0.614804651,9/26/2026 18:35,9/26/2026 18:35,High,0,0,0,0,1,0,0,0,0,0,1,0,1,0,0,0,1,,0,1,0,0.44977795790958164,0.5502220420904184
98,98,Ghana,Accra,Ada,September,5.786373052612258,0.614855931,9/26/2026 18:35,9/26/2026 18:35,High,0,0,0,0,1,0,0,0,0,0,1,0,1,0,0,0,1,,1,0,0,0.19969809183282017,0.8003019081671798
99,99,Ghana,Accra,Ada,September,5.786213284610494,0.614608616,9/26/2026 18:35,9/26/2026 18:35,High,0,0,0,0,1,0,0,0,0,0,1,0,1,0,0,0,1,,1,0,0,0.19969809183282017,0.8003019081671798
100,100,Ghana,Accra,Ada,September,5.786260471441577,0.614699687,9/26/2026 18:35,9/26/2026 18:35,Low,0,0,0,0,1,0,0,0,0,0,1,0,0,1,0,0,1,,0,1,0,0.5962739366864938,0.4037260633135063
101,101,Ghana,Accra,Ada,September,5.786282719133898,0.614659704,9/26/2026 18:35,9/26/2026 18:35,High,0,0,0,0,1,0,0,0,0,0,1,0,1,0,0,0,1,,0,1,0,0.44977795790958164,0.5502220420904184
102,102,Ghana,Accra,Ada,September,5.786325588833053,0.614705241,9/26/2026 18:35,9/26/2026 18:35,High,0,0,0,0,1,0,0,0,0,0,1,0,1,0,0,0,1,,0,1,0,0.44977795790958164,0.5502220420904184
103,103,Ghana,Accra,Ada,September,5.786217983194054,0.614398836,9/26/2026 18:35,9/26/2026 18:35,High,0,0,0,0,1,0,0,0,0,0,1,0,0,1,0,1,1,,0,1,0,0.32945139362218145,0.6705486063778185
104,104,Ghana,Accra,Ada,September,5.786239480428113,0.614484578,9/26/2026 18:35,9/26/2026 18:35,High,0,0,0,0,1,0,0,0,0,0,1,0,0,1,0,0,1,,1,0,0,0.2681639662273082,0.7318360337726918
105,105,Ghana,Accra,Ada,September,5.786272898743318,0.614400333,9/26/2026 18:35,9/26/2026 18:35,Low,0,0,0,0,1,0,0,0,0,0,1,0,0,1,0,0,1,,0,1,0,0.5962739366864938,0.4037260633135063
106,106,Ghana,Accra,Ada,September,5.786272572166559,0.614332657,9/26/2026 18:35,9/26/2026 18:35,High,0,0,0,0,1,0,0,0,0,0,1,0,1,0,0,0,1,,1,0,0,0.19969809183282017,0.8003019081671798
107,107,Ghana,Accra,Ada,September,5.786330764843124,0.614334327,9/26/2026 18:35,9/26/2026 18:35,Low,0,0,0,0,1,0,0,0,0,0,1,0,0,1,0,0,1,,0,1,0,0.5962739366864938,0.4037260633135063
108,108,Ghana,Accra,Ada,September,5.786335146654138,0.614448093,9/26/2026 18:35,9/26/2026 18:35,Low,0,0,0,0,1,0,0,0,0,0,1,0,0,1,0,0,1,,0,1,0,0.5962739366864938,0.4037260633135063
109,109,Ghana,Accra,Ada,September,5.786329261658595,0.614488448,9/26/2026 18:35,9/26/2026 18:35,High,0,0,0,0,1,0,0,0,0,0,1,0,0,1,0,1,1,,0,1,0,0.32945139362218145,0.6705486063778185
110,110,Ghana,Accra,Ada,September,5.786346645617831,0.614585048,9/26/2026 18:35,9/26/2026 18:35,Low,0,0,0,0,1,0,0,0,0,0,1,0,0,1,0,0,1,,0,1,0,0.5962739366864938,0.4037260633135063
111,111,Ghana,Accra,Ada,September,5.786376834335156,0.614668239,9/26/2026 18:35,9/26/2026 18:35,High,0,0,0,0,1,0,0,0,0,0,1,0,0,1,0,1,1,,0,1,0,0.32945139362218145,0.6705486063778185
112,112,Ghana,Accra,Ada,September,5.786448809,0.614863304,9/26/2026 18:35,9/26/2026 18:35,High,0,0,0,0,1,0,0,0,0,0,1,0,1,0,0,0,1,,1,0,0,0.19969809183282017,0.8003019081671798
113,113,Ghana,Accra,Ada,September,5.786407353111962,0.614376574,9/26/2026 18:35,9/26/2026 18:35,High,0,0,0,0,1,0,0,0,0,0,1,0,0,1,0,1,1,,0,1,0,0.32945139362218145,0.6705486063778185
114,114,Ghana,Accra,Ada,September,5.786447678383325,0.614431059,9/26/2026 18:35,9/26/2026 18:35,High,0,0,0,0,1,0,0,0,0,0,1,0,0,1,0,0,1,,1,0,0,0.2681639662273082,0.7318360337726918
115,115,Ghana,Accra,Ada,September,5.786492216817616,0.614310867,9/26/2026 18:35,9/26/2026 18:35,High,0,0,0,0,1,0,0,0,0,0,1,0,1,0,0,0,1,,1,0,0,0.19969809183282017,0.8003019081671798
116,116,Ghana,Accra,Ada,September,5.786550690047246,0.614446079,9/26/2026 18:35,9/26/2026 18:35,High,0,0,0,0,1,0,0,0,0,0,1,0,0,1,0,0,1,,1,0,0,0.2681639662273082,0.7318360337726918
117,117,Ghana,Accra,Ada,September,5.786564022997685,0.614360981,9/26/2026 18:35,9/26/2026 18:35,High,0,0,0,0,1,0,0,0,0,0,1,0,1,0,0,0,1,,1,0,0,0.19969809183282017,0.8003019081671798
118,118,Ghana,Accra,Ada,September,5.786543415848953,0.614174938,9/26/2026 18:35,9/26/2026 18:35,High,0,0,0,0,1,0,0,0,0,0,1,0,1,0,0,0,1,,1,0,0,0.19969809183282017,0.8003019081671798
119,119,Ghana,Accra,Ada,September,5.786480618645654,0.614145347,9/26/2026 18:35,9/26/2026 18:35,High,0,0,0,0,1,0,0,0,0,0,1,0,0,1,0,1,1,,1,0,0,0.30942109992835454,0.6905789000716455
120,120,Ghana,Accra,Ada,September,5.786483540156764,0.61408568,9/26/2026 18:35,9/26/2026 18:35,High,0,0,0,0,1,0,0,0,0,0,1,0,0,1,0,0,1,,1,0,0,0.2681639662273082,0.7318360337726918
121,121,Ghana,Accra,Ada,September,5.786481201910988,0.614025466,9/26/2026 18:35,9/26/2026 18:35,High,0,0,0,0,1,0,0,0,0,0,1,0,1,0,0,0,1,,1,0,0,0.19969809183282017,0.8003019081671798
122,122,Ghana,Accra,Ada,September,5.786439846681976,0.613954679,9/26/2026 18:35,9/26/2026 18:35,High,0,0,0,0,1,0,0,0,0,0,1,0,1,0,0,0,1,,1,0,0,0.19969809183282017,0.8003019081671798
123,123,Ghana,Accra,Ada,September,5.786475279356083,0.614624574,9/26/2026 18:35,9/26/2026 18:35,High,0,0,0,0,1,0,0,0,0,0,1,0,0,1,0,1,1,,0,1,0,0.32945139362218145,0.6705486063778185
124,124,Ghana,Accra,Ada,September,5.786487835240005,0.614762287,9/26/2026 18:35,9/26/2026 18:35,High,0,0,0,0,1,0,0,0,0,0,1,0,0,1,0,0,1,,1,0,0,0.2681639662273082,0.7318360337726918
125,125,Ghana,Accra,Ada,September,5.786534598528758,0.614923895,9/26/2026 18:35,9/26/2026 18:35,High,0,0,0,0,1,0,0,0,0,0,1,0,0,1,0,0,1,,1,0,0,0.2681639662273082,0.7318360337726918
126,126,Ghana,Accra,Ada,September,5.786570933739962,0.614771065,9/26/2026 18:35,9/26/2026 18:35,High,0,0,0,0,1,0,0,0,0,0,1,0,0,1,0,0,1,,1,0,0,0.2681639662273082,0.7318360337726918
127,127,Ghana,Accra,Ada,September,5.786540802510717,0.614689294,9/26/2026 18:35,9/26/2026 18:35,High,0,0,0,0,1,0,0,0,0,0,1,0,0,1,0,1,1,,0,1,0,0.32945139362218145,0.6705486063778185
128,128,Ghana,Accra,Ada,September,5.786523803424461,0.614602045,9/26/2026 18:35,9/26/2026 18:35,High,0,0,0,0,1,0,0,0,0,0,1,0,1,0,0,0,1,,1,0,0,0.19969809183282017,0.8003019081671798
129,129,Ghana,Accra,Ada,September,5.786664179029503,0.613997663,9/26/2026 18:35,9/26/2026 18:35,High,0,0,0,0,1,0,0,0,0,0,1,0,0,1,0,0,1,,1,0,0,0.2681639662273082,0.7318360337726918
130,130,Ghana,Accra,Ada,September,5.786675252231807,0.614046045,9/26/2026 18:35,9/26/2026 18:35,Low,0,0,0,0,1,0,0,0,0,0,1,0,0,1,0,0,1,,0,1,0,0.5962739366864938,0.4037260633135063
131,131,Ghana,Accra,Ada,September,5.786635166750921,0.614086044,9/26/2026 18:35,9/26/2026 18:35,High,0,0,0,0,1,0,0,0,0,0,1,0,1,0,0,0,1,,1,0,0,0.19969809183282017,0.8003019081671798
132,132,Ghana,Accra,Ada,September,5.786699178763467,0.614133749,9/26/2026 18:35,9/26/2026 18:35,High,0,0,0,0,1,0,0,0,0,0,1,0,1,0,0,1,1,,0,1,0,0.46824565657789774,0.5317543434221023
133,133,Ghana,Accra,Ada,September,5.786747513,0.614193395,9/26/2026 18:35,9/26/2026 18:35,High,0,0,0,0,1,0,0,0,0,0,1,0,0,1,0,0,1,,1,0,0,0.2681639662273082,0.7318360337726918
134,134,Ghana,Accra,Ada,September,5.786594933129059,0.614488942,9/26/2026 18:35,9/26/2026 18:35,Low,0,0,0,0,1,0,0,0,0,0,1,0,0,1,0,0,1,,0,1,0,0.5962739366864938,0.4037260633135063
135,135,Ghana,Accra,Ada,September,5.786647924095069,0.614509732,9/26/2026 18:35,9/26/2026 18:35,High,0,0,0,0,1,0,0,0,0,0,1,0,0,1,0,0,1,,1,0,0,0.2681639662273082,0.7318360337726918
136,136,Ghana,Accra,Ada,September,5.786661235748908,0.614618544,9/26/2026 18:35,9/26/2026 18:35,High,0,0,0,0,1,0,0,0,0,0,1,0,0,1,0,0,1,,1,0,0,0.2681639662273082,0.7318360337726918
137,137,Ghana,Accra,Ada,September,5.786690895653905,0.61468139,9/26/2026 18:35,9/26/2026 18:35,High,0,0,0,0,1,0,0,0,0,0,1,0,1,0,0,0,1,,1,0,0,0.19969809183282017,0.8003019081671798
138,138,Ghana,Accra,Ada,September,5.786667677666929,0.614839545,9/26/2026 18:35,9/26/2026 18:35,High,0,0,0,0,1,0,0,0,0,0,1,0,1,0,0,0,1,,1,0,0,0.19969809183282017,0.8003019081671798
139,139,Ghana,Accra,Ada,September,5.786670857926493,0.614888037,9/26/2026 18:35,9/26/2026 18:35,High,0,0,0,0,1,0,0,0,0,0,1,0,1,0,0,0,1,,1,0,0,0.19969809183282017,0.8003019081671798
140,140,Ghana,Accra,Ada,September,5.786748439395168,0.614801445,9/26/2026 18:35,9/26/2026 18:35,High,0,0,0,0,1,0,0,0,0,0,1,0,0,1,0,0,1,,1,0,0,0.2681639662273082,0.7318360337726918
141,141,Ghana,Accra,Ada,September,5.786723576075705,0.614773451,9/26/2026 18:35,9/26/2026 18:35,High,0,0,0,0,1,0,0,0,0,0,1,0,1,0,0,1,1,,1,0,0,0.40301857056250767,0.5969814294374923
142,142,Ghana,Accra,Ada,September,5.786768363285045,0.614857619,9/26/2026 18:35,9/26/2026 18:35,High,0,0,0,0,1,0,0,0,0,0,1,0,1,0,0,1,1,,0,1,0,0.46824565657789774,0.5317543434221023
143,143,Ghana,Accra,Ada,September,5.786760278448183,0.614721862,9/26/2026 18:35,9/26/2026 18:35,High,0,0,0,0,1,0,0,0,0,0,1,0,0,1,0,0,1,,1,0,0,0.2681639662273082,0.7318360337726918
144,144,Ghana,Accra,Ada,September,5.786769864,0.614642082,9/26/2026 18:35,9/26/2026 18:35,High,0,0,0,0,1,0,0,0,0,0,1,0,0,1,0,0,1,,1,0,0,0.2681639662273082,0.7318360337726918
145,145,Ghana,Accra,Ada,September,5.786705062510248,0.614458019,9/26/2026 18:35,9/26/2026 18:35,High,0,0,0,0,1,0,0,0,0,0,1,0,0,1,0,0,1,,1,0,0,0.2681639662273082,0.7318360337726918
146,146,Ghana,Accra,Ada,September,5.786762681211003,0.61446418,9/26/2026 18:35,9/26/2026 18:35,High,0,0,0,0,1,0,0,0,0,0,1,0,0,1,0,0,1,,1,0,0,0.2681639662273082,0.7318360337726918
147,147,Ghana,Accra,Ada,September,5.786753299549685,0.614524878,9/26/2026 18:35,9/26/2026 18:35,High,0,0,0,0,1,0,0,0,0,0,1,0,0,1,0,0,1,,1,0,0,0.2681639662273082,0.7318360337726918
148,148,Ghana,Accra,Ada,September,5.786848425929325,0.61448691,9/26/2026 18:35,9/26/2026 18:35,High,0,0,0,0,1,0,0,0,0,0,1,0,0,1,0,0,1,,1,0,0,0.2681639662273082,0.7318360337726918
149,149,Ghana,Accra,Ada,September,5.786835560688217,0.61453981,9/26/2026 18:35,9/26/2026 18:35,High,0,0,0,0,1,0,0,0,0,0,1,0,1,0,0,0,1,,1,0,0,0.19969809183282017,0.8003019081671798
150,150,Ghana,Accra,Ada,September,5.786804348953544,0.614151759,9/26/2026 18:35,9/26/2026 18:35,Low,0,0,0,0,1,0,0,0,0,0,1,0,0,1,0,0,1,,0,1,0,0.5962739366864938,0.4037260633135063
151,151,Ghana,Accra,Ada,September,5.786959890172952,0.614889474,9/26/2026 18:35,9/26/2026 18:35,High,0,0,0,0,1,0,0,0,0,0,1,0,0,1,0,0,1,,1,0,0,0.2681639662273082,0.7318360337726918
152,152,Ghana,Accra,Ada,September,5.786976904416268,0.614734018,9/26/2026 18:35,9/26/2026 18:35,High,0,0,0,0,1,0,0,0,0,0,1,0,1,0,0,0,1,,0,1,0,0.44977795790958164,0.5502220420904184
153,153,Ghana,Accra,Ada,September,5.787003573546821,0.61469253,9/26/2026 18:35,9/26/2026 18:35,High,0,0,0,0,1,0,0,0,0,0,1,0,0,1,0,0,1,,1,0,0,0.2681639662273082,0.7318360337726918
154,154,Ghana,Accra,Ada,September,5.787016846534249,0.614626793,9/26/2026 18:35,9/26/2026 18:35,High,0,0,0,0,1,0,0,0,0,0,1,0,0,1,0,0,1,,1,0,0,0.2681639662273082,0.7318360337726918
155,155,Ghana,Accra,Ada,September,5.786924868753839,0.614555004,9/26/2026 18:35,9/26/2026 18:35,High,0,0,0,0,1,0,0,0,0,0,1,0,1,0,0,0,1,,1,0,0,0.19969809183282017,0.8003019081671798
156,156,Ghana,Accra,Ada,September,5.786993101890432,0.614504219,9/26/2026 18:35,9/26/2026 18:35,High,0,0,0,0,1,0,0,0,0,0,1,0,0,1,0,0,1,,1,0,0,0.2681639662273082,0.7318360337726918
157,157,Ghana,Accra,Ada,September,5.787034839555369,0.614468687,9/26/2026 18:35,9/26/2026 18:35,High,0,0,0,0,1,0,0,0,0,0,1,0,0,1,0,0,1,,1,0,0,0.2681639662273082,0.7318360337726918
158,158,Ghana,Accra,Ada,September,5.787128403406621,0.614568219,9/26/2026 18:35,9/26/2026 18:35,Low,0,0,0,0,1,0,0,0,0,0,1,0,0,1,0,0,1,,0,1,0,0.5962739366864938,0.4037260633135063
159,159,Ghana,Accra,Ada,September,5.787122832148803,0.614484976,9/26/2026 18:35,9/26/2026 18:35,High,0,0,0,0,1,0,0,0,0,0,1,0,1,0,0,0,1,,1,0,0,0.19969809183282017,0.8003019081671798
160,160,Ghana,Accra,Ada,September,5.787183028247616,0.614498179,9/26/2026 18:35,9/26/2026 18:35,High,0,0,0,0,1,0,0,0,0,0,1,0,1,0,0,0,1,,1,0,0,0.19969809183282017,0.8003019081671798
161,161,Ghana,Accra,Ada,September,5.787176145850836,0.614586016,9/26/2026 18:35,9/26/2026 18:35,High,0,0,0,0,1,0,0,0,0,0,1,0,0,1,0,1,1,,1,0,0,0.30942109992835454,0.6905789000716455
162,162,Ghana,Accra,Ada,September,5.787356853507052,0.614622298,9/26/2026 18:35,9/26/2026 18:35,High,0,0,0,0,1,0,0,0,0,0,1,0,0,1,0,1,1,,0,1,0,0.32945139362218145,0.6705486063778185
163,163,Ghana,Accra,Ada,September,5.786434771056483,0.611702618,9/26/2026 18:35,9/26/2026 18:35,High,0,0,0,0,1,0,0,0,0,0,1,0,0,1,0,1,1,,0,1,0,0.32945139362218145,0.6705486063778185
164,164,Ghana,Accra,Ada,September,5.786655601127851,0.613495354,9/26/2026 18:35,9/26/2026 18:35,High,0,0,0,0,1,0,0,0,0,0,1,0,0,1,0,1,1,,0,1,0,0.32945139362218145,0.6705486063778185
165,165,Ghana,Accra,Ada,September,5.786782509336795,0.613649767,9/26/2026 18:35,9/26/2026 18:35,High,0,0,0,0,1,0,0,0,0,0,1,0,0,1,0,1,1,,1,0,0,0.30942109992835454,0.6905789000716455
166,166,Ghana,Accra,Ada,September,5.786884030658082,0.613731009,9/26/2026 18:35,9/26/2026 18:35,High,0,0,0,0,1,0,0,0,0,0,1,0,0,1,0,1,1,,0,1,0,0.32945139362218145,0.6705486063778185
167,167,Ghana,Accra,Ada,September,5.787105391128749,0.613723516,9/26/2026 18:35,9/26/2026 18:35,High,0,0,0,0,1,0,0,0,0,0,1,0,0,1,0,1,1,,0,1,0,0.32945139362218145,0.6705486063778185
168,168,Ghana,Accra,Ada,September,5.787326754333828,0.613703767,9/26/2026 18:35,9/26/2026 18:35,Low,0,0,0,0,1,0,0,0,0,0,1,0,0,1,0,0,1,,0,1,0,0.5962739366864938,0.4037260633135063
169,169,Ghana,Accra,Ada,September,5.787669174887217,0.613887927,9/26/2026 18:35,9/26/2026 18:35,High,0,0,0,0,1,0,0,0,0,0,1,0,0,1,0,0,1,,1,0,0,0.2681639662273082,0.7318360337726918
170,170,Ghana,Accra,Ada,September,5.787587120510017,0.614177963,9/26/2026 18:35,9/26/2026 18:35,Low,0,0,0,0,1,0,0,0,0,0,1,0,0,1,0,0,1,,0,1,0,0.5962739366864938,0.4037260633135063
171,171,Ghana,Accra,Ada,September,5.787836298588681,0.61450536,9/26/2026 18:35,9/26/2026 18:35,Low,0,0,0,0,1,0,0,0,0,0,1,0,0,1,0,0,1,,0,1,0,0.5962739366864938,0.4037260633135063
172,172,Ghana,Accra,Ada,September,5.787912516383328,0.614763944,9/26/2026 18:35,9/26/2026 18:35,Low,0,0,0,0,1,0,0,0,0,0,1,0,0,1,0,0,1,,0,1,0,0.5962739366864938,0.4037260633135063
173,173,Ghana,Accra,Ada,September,5.787166358344227,0.612450353,9/26/2026 18:35,9/26/2026 18:35,High,0,0,0,0,1,0,0,0,0,0,1,0,0,1,0,1,1,,0,1,0,0.32945139362218145,0.6705486063778185
174,174,Ghana,Accra,Ada,September,5.788748608505204,0.614426853,9/26/2026 18:35,9/26/2026 18:35,High,0,0,0,0,1,0,0,0,0,0,1,0,0,1,0,1,1,,1,0,0,0.30942109992835454,0.6905789000716455
175,175,Ghana,Accra,Ada,September,5.788539422206657,0.613637173,9/26/2026 18:35,9/26/2026 18:35,Low,0,0,0,0,1,0,0,0,0,0,1,0,0,1,0,0,1,,0,1,0,0.5962739366864938,0.4037260633135063
176,176,Ghana,Accra,Ada,September,5.788945877345536,0.612694873,9/26/2026 18:35,9/26/2026 18:35,Low,0,0,0,0,1,0,0,0,0,0,1,0,0,1,0,0,1,,0,1,0,0.5962739366864938,0.4037260633135063
177,177,Ghana,Accra,Ada,September,5.791526487909021,0.612698136,9/26/2026 18:35,9/26/2026 18:35,High,0,0,0,0,1,0,0,0,0,0,1,0,0,1,0,1,1,,0,1,0,0.32945139362218145,0.6705486063778185
178,178,Ghana,Accra,Ada,September,5.792066896,0.612255564,9/26/2026 18:35,9/26/2026 18:35,High,0,0,0,0,1,0,0,0,0,0,1,0,0,1,0,1,1,,0,1,0,0.32945139362218145,0.6705486063778185
179,179,Ghana,Accra,Ada,September,5.791765665348773,0.611996437,9/26/2026 18:35,9/26/2026 18:35,High,0,0,0,0,1,0,0,0,0,0,1,0,0,1,0,1,1,,0,1,0,0.32945139362218145,0.6705486063778185
180,180,Ghana,Accra,Ada,September,5.792529911501104,0.614676823,9/26/2026 18:35,9/26/2026 18:35,Low,0,0,0,0,1,0,0,0,0,0,1,0,0,1,0,0,1,,0,1,0,0.5962739366864938,0.4037260633135063
181,181,Ghana,Accra,Ada,September,5.792123408,0.613816458,9/26/2026 18:35,9/26/2026 18:35,Low,0,0,0,0,1,0,0,0,0,0,1,0,0,1,0,0,0,,1,0,0,0.5543598066661566,0.44564019333384336
182,182,Ghana,Accra,Ada,September,5.792307093954395,0.613790962,9/26/2026 18:35,9/26/2026 18:35,Low,0,0,0,0,1,0,0,0,0,0,1,0,0,0,1,0,1,,0,1,0,0.5031093458866697,0.49689065411333033
183,183,Ghana,Accra,Ada,September,5.792312082079891,0.612121851,9/26/2026 18:35,9/26/2026 18:35,High,0,0,0,0,1,0,0,0,0,0,1,0,0,1,0,1,1,,0,1,0,0.32945139362218145,0.6705486063778185
184,184,Ghana,Accra,Ada,September,5.793467485,0.613273253,9/26/2026 18:35,9/26/2026 18:35,Low,0,0,0,0,1,0,0,0,0,0,1,0,0,0,1,0,1,,0,1,0,0.5031093458866697,0.49689065411333033
185,185,Ghana,Accra,Ada,September,5.794448211810211,0.614156106,9/26/2026 18:35,9/26/2026 18:35,Low,0,0,0,0,1,0,0,0,0,0,1,0,0,1,0,0,1,,0,1,0,0.5962739366864938,0.4037260633135063
186,186,Ghana,Accra,Ada,September,5.794305641151895,0.614250828,9/26/2026 18:35,9/26/2026 18:35,Low,0,0,0,0,1,0,0,0,0,0,1,0,0,0,1,0,1,,0,1,0,0.5031093458866697,0.49689065411333033
187,187,Ghana,Accra,Ada,September,5.794170897820037,0.614309259,9/26/2026 18:35,9/26/2026 18:35,High,0,0,0,0,1,0,0,0,0,0,1,0,0,1,0,1,1,,1,0,0,0.30942109992835454,0.6905789000716455
188,188,Ghana,Accra,Ada,September,5.794112979429229,0.614327676,9/26/2026 18:35,9/26/2026 18:35,High,0,0,0,0,1,0,0,0,0,0,1,0,0,1,0,0,1,,1,0,0,0.2681639662273082,0.7318360337726918
189,189,Ghana,Accra,Ada,September,5.793761852544255,0.614532531,9/26/2026 18:35,9/26/2026 18:35,High,0,0,0,0,1,0,0,0,0,0,1,0,0,1,0,0,1,,1,0,0,0.2681639662273082,0.7318360337726918
190,190,Ghana,Accra,Ada,September,5.793640432036243,0.614721833,9/26/2026 18:35,9/26/2026 18:35,High,0,0,0,0,1,0,0,0,0,0,1,0,0,1,0,1,1,,1,0,0,0.30942109992835454,0.6905789000716455
191,191,Ghana,Accra,Ada,September,5.785887732,0.612569202,9/26/2026 18:35,9/26/2026 18:35,High,0,0,0,0,1,0,0,0,0,0,1,0,0,1,0,1,1,,1,0,0,0.30942109992835454,0.6905789000716455
192,192,Ghana,Accra,Ada,September,5.786347216122206,0.613950285,9/26/2026 18:35,9/26/2026 18:35,High,0,0,0,0,1,0,0,0,0,0,1,0,0,1,0,1,1,,1,0,0,0.30942109992835454,0.6905789000716455
193,193,Ghana,Accra,Ada,September,5.787830741711347,0.613175509,9/26/2026 18:35,9/26/2026 18:35,High,0,0,0,0,1,0,0,0,0,0,1,0,0,1,0,1,1,,1,0,0,0.30942109992835454,0.6905789000716455
194,194,Ghana,Accra,Ada,September,5.787715046154092,0.613018698,9/26/2026 18:35,9/26/2026 18:35,High,0,0,0,0,1,0,0,0,0,0,1,0,0,1,0,1,1,,0,1,0,0.32945139362218145,0.6705486063778185
195,195,Ghana,Accra,Ada,September,5.787591259533198,0.613099109,9/26/2026 18:35,9/26/2026 18:35,High,0,0,0,0,1,0,0,0,0,0,1,0,0,1,0,1,1,,1,0,0,0.30942109992835454,0.6905789000716455
196,196,Ghana,Accra,Ada,September,5.787060598171384,0.612855001,9/26/2026 18:35,9/26/2026 18:35,High,0,0,0,0,1,0,0,0,0,0,1,0,0,1,0,1,1,,0,1,0,0.32945139362218145,0.6705486063778185
197,197,Ghana,Accra,Ada,September,5.786832664616404,0.611990333,9/26/2026 18:35,9/26/2026 18:35,High,0,0,0,0,1,0,0,0,0,0,1,0,0,0,1,1,1,,0,1,0,0.31790078749867623,0.6820992125013238
198,198,Ghana,Accra,Ada,September,5.786597505741756,0.611673966,9/26/2026 18:35,9/26/2026 18:35,High,0,0,0,0,1,0,0,0,0,0,1,0,0,0,1,1,1,,0,1,0,0.31790078749867623,0.6820992125013238
199,199,Ghana,Accra,Ada,September,5.785592695,0.611781982,9/26/2026 18:35,9/26/2026 18:35,Low,0,0,0,0,1,0,0,0,0,0,1,0,0,1,0,0,1,,0,1,0,0.5962739366864938,0.4037260633135063
200,200,Ghana,Accra,Ada,September,5.785551281256692,0.611676951,9/26/2026 18:35,9/26/2026 18:35,High,0,0,0,0,1,0,0,0,0,0,1,0,0,1,0,0,1,,1,0,0,0.2681639662273082,0.7318360337726918
201,201,Ghana,Accra,Ada,September,5.785492534475823,0.611711468,9/26/2026 18:35,9/26/2026 18:35,Low,0,0,0,0,1,0,0,0,0,0,1,0,0,1,0,0,1,,0,1,0,0.5962739366864938,0.4037260633135063
202,202,Ghana,Accra,Ada,September,5.785573903879886,0.611827742,9/26/2026 18:35,9/26/2026 18:35,Low,0,0,0,0,1,0,0,0,0,0,1,0,0,1,0,0,1,,0,1,0,0.5962739366864938,0.4037260633135063
203,203,Ghana,Accra,Ada,September,5.785550646467454,0.611975088,9/26/2026 18:35,9/26/2026 18:35,High,0,0,0,0,1,0,0,0,0,0,1,0,0,1,0,0,1,,1,0,0,0.2681639662273082,0.7318360337726918
204,204,Ghana,Accra,Ada,September,5.785535801633541,0.612047029,9/26/2026 18:35,9/26/2026 18:35,High,0,0,0,0,1,0,0,0,0,0,1,0,0,1,0,1,1,,0,1,0,0.32945139362218145,0.6705486063778185
205,205,Ghana,Accra,Ada,September,5.785470708998522,0.612023097,9/26/2026 18:35,9/26/2026 18:35,High,0,0,0,0,1,0,0,0,0,0,1,0,0,1,0,0,1,,1,0,0,0.2681639662273082,0.7318360337726918
206,206,Ghana,Accra,Ada,September,5.785492966,0.611957233,9/26/2026 18:35,9/26/2026 18:35,High,0,0,0,0,1,0,0,0,0,0,1,0,1,0,0,0,1,,1,0,0,0.19969809183282017,0.8003019081671798
207,207,Ghana,Accra,Ada,September,5.785434988565752,0.611935094,9/26/2026 18:35,9/26/2026 18:35,High,0,0,0,0,1,0,0,0,0,0,1,0,0,1,0,0,1,,1,0,0,0.2681639662273082,0.7318360337726918
208,208,Ghana,Accra,Ada,September,5.785436490828595,0.612050566,9/26/2026 18:35,9/26/2026 18:35,High,0,0,0,0,1,0,0,0,0,0,1,0,0,1,0,1,1,,1,0,0,0.30942109992835454,0.6905789000716455
209,209,Ghana,Accra,Ada,September,5.785487681654903,0.612112743,9/26/2026 18:35,9/26/2026 18:35,High,0,0,0,0,1,0,0,0,0,0,1,0,0,1,0,0,1,,1,0,0,0.2681639662273082,0.7318360337726918
210,210,Ghana,Accra,Ada,September,5.785282072210224,0.61191704,9/26/2026 18:35,9/26/2026 18:35,Low,0,0,0,0,1,0,0,0,0,0,1,0,0,1,0,0,1,,0,1,0,0.5962739366864938,0.4037260633135063
211,211,Ghana,Accra,Ada,September,5.785267969552766,0.611866978,9/26/2026 18:35,9/26/2026 18:35,High,0,0,0,0,1,0,0,0,0,0,1,0,0,1,0,0,1,,1,0,0,0.2681639662273082,0.7318360337726918
212,212,Ghana,Accra,Ada,September,5.785297800796165,0.611831553,9/26/2026 18:35,9/26/2026 18:35,High,0,0,0,0,1,0,0,0,0,0,1,0,1,0,0,1,1,,0,1,0,0.46824565657789774,0.5317543434221023
213,213,Ghana,Accra,Ada,September,5.785250663,0.612019481,9/26/2026 18:35,9/26/2026 18:35,High,0,0,0,0,1,0,0,0,0,0,1,0,1,0,0,0,1,,1,0,0,0.19969809183282017,0.8003019081671798
214,214,Ghana,Accra,Ada,September,5.785328310197534,0.612078068,9/26/2026 18:35,9/26/2026 18:35,Low,0,0,0,0,1,0,0,0,0,0,1,0,0,1,0,0,1,,0,1,0,0.5962739366864938,0.4037260633135063
215,215,Ghana,Accra,Ada,September,5.785325514,0.612119083,9/26/2026 18:35,9/26/2026 18:35,Low,0,0,0,0,1,0,0,0,0,0,1,0,0,1,0,0,1,,0,1,0,0.5962739366864938,0.4037260633135063
216,216,Ghana,Accra,Ada,September,5.785291510407848,0.612170892,9/26/2026 18:35,9/26/2026 18:35,High,0,0,0,0,1,0,0,0,0,0,1,0,0,1,0,1,1,,0,1,0,0.32945139362218145,0.6705486063778185
217,217,Ghana,Accra,Ada,September,5.785322128382323,0.612239051,9/26/2026 18:35,9/26/2026 18:35,Low,0,0,0,0,1,0,0,0,0,0,1,0,0,1,0,0,1,,0,1,0,0.5962739366864938,0.4037260633135063
218,218,Ghana,Accra,Ada,September,5.785356157779333,0.612199524,9/26/2026 18:35,9/26/2026 18:35,High,0,0,0,0,1,0,0,0,0,0,1,0,0,1,0,1,1,,0,1,0,0.32945139362218145,0.6705486063778185
219,219,Ghana,Accra,Ada,September,5.785395350234685,0.612117857,9/26/2026 18:35,9/26/2026 18:35,High,0,0,0,0,1,0,0,0,0,0,1,0,0,1,0,1,1,,0,1,0,0.32945139362218145,0.6705486063778185
220,220,Ghana,Accra,Ada,September,5.785434333612841,0.61216325,9/26/2026 18:35,9/26/2026 18:35,High,0,0,0,0,1,0,0,0,0,0,1,0,0,1,0,0,1,,1,0,0,0.2681639662273082,0.7318360337726918
221,221,Ghana,Accra,Ada,September,5.785479481165006,0.612162336,9/26/2026 18:35,9/26/2026 18:35,High,0,0,0,0,1,0,0,0,0,0,1,0,0,1,0,1,1,,0,1,0,0.32945139362218145,0.6705486063778185
222,222,Ghana,Accra,Ada,September,5.785455777136376,0.612231648,9/26/2026 18:35,9/26/2026 18:35,Low,0,0,0,0,1,0,0,0,0,0,1,0,0,1,0,0,1,,0,1,0,0.5962739366864938,0.4037260633135063
223,223,Ghana,Accra,Ada,September,5.785443321778312,0.612269912,9/26/2026 18:35,9/26/2026 18:35,High,0,0,0,0,1,0,0,0,0,0,1,0,0,1,0,1,1,,0,1,0,0.32945139362218145,0.6705486063778185
224,224,Ghana,Accra,Ada,September,5.785396524460818,0.612273989,9/26/2026 18:35,9/26/2026 18:35,High,0,0,0,0,1,0,0,0,0,0,1,0,0,1,0,1,1,,0,1,0,0.32945139362218145,0.6705486063778185
225,225,Ghana,Accra,Ada,September,5.785366289148659,0.612322649,9/26/2026 18:35,9/26/2026 18:35,High,0,0,0,0,1,0,0,0,0,0,1,0,0,1,0,1,1,,0,1,0,0.32945139362218145,0.6705486063778185
226,226,Ghana,Accra,Ada,September,5.785441582962363,0.612316762,9/26/2026 18:35,9/26/2026 18:35,High,0,0,0,0,1,0,0,0,0,0,1,0,0,1,0,1,1,,0,1,0,0.32945139362218145,0.6705486063778185
227,227,Ghana,Accra,Ada,September,5.785535628223313,0.612188504,9/26/2026 18:35,9/26/2026 18:35,High,0,0,0,0,1,0,0,0,0,0,1,0,0,1,0,1,1,,0,1,0,0.32945139362218145,0.6705486063778185
228,228,Ghana,Accra,Ada,September,5.785587023731406,0.612156913,9/26/2026 18:35,9/26/2026 18:35,High,0,0,0,0,1,0,0,0,0,0,1,0,0,1,0,1,1,,0,1,0,0.32945139362218145,0.6705486063778185
229,229,Ghana,Accra,Ada,September,5.785509496530588,0.612267581,9/26/2026 18:35,9/26/2026 18:35,High,0,0,0,0,1,0,0,0,0,0,1,0,0,1,0,1,1,,0,1,0,0.32945139362218145,0.6705486063778185
230,230,Ghana,Accra,Ada,September,5.785511820095472,0.612308051,9/26/2026 18:35,9/26/2026 18:35,High,0,0,0,0,1,0,0,0,0,0,1,0,0,1,0,1,1,,0,1,0,0.32945139362218145,0.6705486063778185
231,231,Ghana,Accra,Ada,September,5.785508920609169,0.61241833,9/26/2026 18:35,9/26/2026 18:35,Low,0,0,0,0,1,0,0,0,0,0,1,0,0,1,0,0,1,,0,1,0,0.5962739366864938,0.4037260633135063
232,232,Ghana,Accra,Ada,September,5.785656100470244,0.612318678,9/26/2026 18:35,9/26/2026 18:35,Low,0,0,0,0,1,0,0,0,0,0,1,1,0,0,0,0,1,,1,0,0,0.5153374932392122,0.4846625067607878
233,233,Ghana,Accra,Ada,September,5.785430859087009,0.612483633,9/26/2026 18:35,9/26/2026 18:35,High,0,0,0,0,1,0,0,0,0,0,1,0,0,1,0,0,1,,1,0,0,0.2681639662273082,0.7318360337726918
234,234,Ghana,Accra,Ada,September,5.785422626290692,0.612550063,9/26/2026 18:35,9/26/2026 18:35,High,0,0,0,0,1,0,0,0,0,0,1,0,0,1,0,1,1,,1,0,0,0.30942109992835454,0.6905789000716455
235,235,Ghana,Accra,Ada,September,5.785410445229287,0.612619001,9/26/2026 18:35,9/26/2026 18:35,High,0,0,0,0,1,0,0,0,0,0,1,0,0,1,0,0,1,,1,0,0,0.2681639662273082,0.7318360337726918
236,236,Ghana,Accra,Ada,September,5.78540893,0.612665229,9/26/2026 18:35,9/26/2026 18:35,High,0,0,0,0,1,0,0,0,0,0,1,0,0,1,0,0,1,,1,0,0,0.2681639662273082,0.7318360337726918
237,237,Ghana,Accra,Ada,September,5.785510465954495,0.612629034,9/26/2026 18:35,9/26/2026 18:35,High,0,0,0,0,1,0,0,0,0,0,1,0,0,1,0,0,1,,1,0,0,0.2681639662273082,0.7318360337726918
238,238,Ghana,Accra,Ada,September,5.785507222622509,0.612663538,9/26/2026 18:35,9/26/2026 18:35,Low,0,0,0,0,1,0,0,0,0,0,1,1,0,0,0,0,1,,1,0,0,0.5153374932392122,0.4846625067607878
239,239,Ghana,Accra,Ada,September,5.785503907600566,0.612693881,9/26/2026 18:35,9/26/2026 18:35,High,0,0,0,0,1,0,0,0,0,0,1,0,1,0,0,0,1,,1,0,0,0.19969809183282017,0.8003019081671798
240,240,Ghana,Accra,Ada,September,5.785538173860911,0.612733757,9/26/2026 18:35,9/26/2026 18:35,High,0,0,0,0,1,0,0,0,0,0,1,0,0,1,0,0,1,,1,0,0,0.2681639662273082,0.7318360337726918
241,241,Ghana,Accra,Ada,September,5.785487807029951,0.612782232,9/26/2026 18:35,9/26/2026 18:35,High,0,0,0,0,1,0,0,0,0,0,1,0,1,0,0,0,1,,1,0,0,0.19969809183282017,0.8003019081671798
242,242,Ghana,Accra,Ada,September,5.785416572060926,0.612783963,9/26/2026 18:35,9/26/2026 18:35,High,0,0,0,0,1,0,0,0,0,0,1,0,0,1,0,0,1,,1,0,0,0.2681639662273082,0.7318360337726918
243,243,Ghana,Accra,Ada,September,5.785553229466824,0.612891732,9/26/2026 18:35,9/26/2026 18:35,High,0,0,0,0,1,0,0,0,0,0,1,0,1,0,0,0,1,,1,0,0,0.19969809183282017,0.8003019081671798
244,244,Ghana,Accra,Ada,September,5.785630778106501,0.612844239,9/26/2026 18:35,9/26/2026 18:35,High,0,0,0,0,1,0,0,0,0,0,1,0,0,1,0,0,1,,1,0,0,0.2681639662273082,0.7318360337726918
245,245,Ghana,Accra,Ada,September,5.785656123513935,0.61280147,9/26/2026 18:35,9/26/2026 18:35,High,0,0,0,0,1,0,0,0,0,0,1,0,0,1,0,0,1,,1,0,0,0.2681639662273082,0.7318360337726918
246,246,Ghana,Accra,Ada,September,5.785683524781052,0.612841288,9/26/2026 18:35,9/26/2026 18:35,High,0,0,0,0,1,0,0,0,0,0,1,0,1,0,0,0,1,,1,0,0,0.19969809183282017,0.8003019081671798
247,247,Ghana,Accra,Ada,September,5.785663204,0.612885852,9/26/2026 18:35,9/26/2026 18:35,High,0,0,0,0,1,0,0,0,0,0,1,0,1,0,0,0,1,,1,0,0,0.19969809183282017,0.8003019081671798
248,248,Ghana,Accra,Ada,September,5.785685806176208,0.612927312,9/26/2026 18:35,9/26/2026 18:35,Low,0,0,0,0,1,0,0,0,0,0,1,1,0,0,0,0,1,,1,0,0,0.5153374932392122,0.4846625067607878
249,249,Ghana,Accra,Ada,September,5.785807651330305,0.613056463,9/26/2026 18:35,9/26/2026 18:35,High,0,0,0,0,1,0,0,0,0,0,1,0,1,0,0,0,1,,1,0,0,0.19969809183282017,0.8003019081671798
250,250,Ghana,Accra,Ada,September,5.785636842398665,0.613074134,9/26/2026 18:35,9/26/2026 18:35,High,0,0,0,0,1,0,0,0,0,0,1,0,0,1,0,0,1,,1,0,0,0.2681639662273082,0.7318360337726918
251,251,Ghana,Accra,Ada,September,5.785835879710169,0.61316018,9/26/2026 18:35,9/26/2026 18:35,High,0,0,0,0,1,0,0,0,0,0,1,0,0,1,0,1,1,,1,0,0,0.30942109992835454,0.6905789000716455
252,252,Ghana,Accra,Ada,September,5.785853848908197,0.613208184,9/26/2026 18:35,9/26/2026 18:35,High,0,0,0,0,1,0,0,0,0,0,1,0,0,1,0,1,1,,1,0,0,0.30942109992835454,0.6905789000716455
253,253,Ghana,Accra,Ada,September,5.785793945138873,0.613243107,9/26/2026 18:35,9/26/2026 18:35,High,0,0,0,0,1,0,0,0,0,0,1,0,1,0,0,1,1,,1,0,0,0.40301857056250767,0.5969814294374923
254,254,Ghana,Accra,Ada,September,5.785694054361016,0.613277887,9/26/2026 18:35,9/26/2026 18:35,High,0,0,0,0,1,0,0,0,0,0,1,0,0,1,0,1,1,,1,0,0,0.30942109992835454,0.6905789000716455
255,255,Ghana,Accra,Ada,September,5.785672380590956,0.613372991,9/26/2026 18:35,9/26/2026 18:35,High,0,0,0,0,1,0,0,0,0,0,1,0,1,0,0,1,1,,1,0,0,0.40301857056250767,0.5969814294374923
256,256,Ghana,Accra,Ada,September,5.785610000511272,0.613361742,9/26/2026 18:35,9/26/2026 18:35,High,0,0,0,0,1,0,0,0,0,0,1,0,0,1,0,1,1,,0,1,0,0.32945139362218145,0.6705486063778185
257,257,Ghana,Accra,Ada,September,5.785586386489846,0.613406345,9/26/2026 18:35,9/26/2026 18:35,High,0,0,0,0,1,0,0,0,0,0,1,0,0,1,0,1,1,,0,1,0,0.32945139362218145,0.6705486063778185
258,258,Ghana,Accra,Ada,September,5.785569917885494,0.613468122,9/26/2026 18:35,9/26/2026 18:35,High,0,0,0,0,1,0,0,0,0,0,1,0,1,0,0,0,1,,1,0,0,0.19969809183282017,0.8003019081671798
259,259,Ghana,Accra,Ada,September,5.785579689561451,0.61350974,9/26/2026 18:35,9/26/2026 18:35,High,0,0,0,0,1,0,0,0,0,0,1,0,1,0,0,0,1,,1,0,0,0.19969809183282017,0.8003019081671798
260,260,Ghana,Accra,Ada,September,5.785610651367005,0.613522748,9/26/2026 18:35,9/26/2026 18:35,High,0,0,0,0,1,0,0,0,0,0,1,0,0,1,0,1,1,,0,1,0,0.32945139362218145,0.6705486063778185
261,261,Ghana,Accra,Ada,September,5.785647713695133,0.613409441,9/26/2026 18:35,9/26/2026 18:35,High,0,0,0,0,1,0,0,0,0,0,1,0,0,1,0,1,1,,1,0,0,0.30942109992835454,0.6905789000716455
262,262,Ghana,Accra,Ada,September,5.785625308948662,0.613459654,9/26/2026 18:35,9/26/2026 18:35,High,0,0,0,0,1,0,0,0,0,0,1,0,1,0,0,1,1,,0,1,0,0.46824565657789774,0.5317543434221023
263,263,Ghana,Accra,Ada,September,5.785670307337316,0.613463166,9/26/2026 18:35,9/26/2026 18:35,High,0,0,0,0,1,0,0,0,0,0,1,0,0,1,0,1,1,,1,0,0,0.30942109992835454,0.6905789000716455
264,264,Ghana,Accra,Ada,September,5.785719244576795,0.613498963,9/26/2026 18:35,9/26/2026 18:35,High,0,0,0,0,1,0,0,0,0,0,1,0,1,0,0,0,1,,1,0,0,0.19969809183282017,0.8003019081671798
265,265,Ghana,Accra,Ada,September,5.785759984681735,0.613467213,9/26/2026 18:35,9/26/2026 18:35,High,0,0,0,0,1,0,0,0,0,0,1,0,0,1,0,1,1,,1,0,0,0.30942109992835454,0.6905789000716455
266,266,Ghana,Accra,Ada,September,5.785668314794857,0.613848992,9/26/2026 18:35,9/26/2026 18:35,High,0,0,0,0,1,0,0,0,0,0,1,0,0,1,0,1,1,,0,1,0,0.32945139362218145,0.6705486063778185
267,267,Ghana,Accra,Ada,September,5.785751524,0.613974234,9/26/2026 18:35,9/26/2026 18:35,Low,0,0,0,0,1,0,0,0,0,0,1,0,1,0,0,0,0,,1,0,0,0.8143469232717006,0.18565307672829942
268,268,Ghana,Accra,Ada,September,5.785716759456768,0.614013154,9/26/2026 18:35,9/26/2026 18:35,High,0,0,0,0,1,0,0,0,0,0,1,0,1,0,0,0,1,,0,1,0,0.44977795790958164,0.5502220420904184
269,269,Ghana,Accra,Ada,September,5.785630616,0.614012132,9/26/2026 18:35,9/26/2026 18:35,High,0,0,0,0,1,0,0,0,0,0,1,0,0,1,0,0,1,,1,0,0,0.2681639662273082,0.7318360337726918
270,270,Ghana,Accra,Ada,September,5.785635374465914,0.614054324,9/26/2026 18:35,9/26/2026 18:35,High,0,0,0,0,1,0,0,0,0,0,1,0,0,1,0,0,1,,1,0,0,0.2681639662273082,0.7318360337726918
271,271,Ghana,Accra,Ada,September,5.785639193934236,0.614098908,9/26/2026 18:35,9/26/2026 18:35,High,0,0,0,0,1,0,0,0,0,0,1,0,1,0,0,1,1,,0,1,0,0.46824565657789774,0.5317543434221023
272,272,Ghana,Accra,Ada,September,5.785663125130651,0.614219073,9/26/2026 18:35,9/26/2026 18:35,High,0,0,0,0,1,0,0,0,0,0,1,0,0,1,0,1,1,,1,0,0,0.30942109992835454,0.6905789000716455
273,273,Ghana,Accra,Ada,September,5.785709036,0.614172064,9/26/2026 18:35,9/26/2026 18:35,High,0,0,0,0,1,0,0,0,0,0,1,0,0,1,0,0,1,,1,0,0,0.2681639662273082,0.7318360337726918
274,274,Ghana,Accra,Ada,September,5.785609003564829,0.614281875,9/26/2026 18:35,9/26/2026 18:35,High,0,0,0,0,1,0,0,0,0,0,1,0,0,1,0,1,1,,0,1,0,0.32945139362218145,0.6705486063778185
275,275,Ghana,Accra,Ada,September,5.785659682806498,0.614328069,9/26/2026 18:35,9/26/2026 18:35,High,0,0,0,0,1,0,0,0,0,0,1,0,0,1,0,1,1,,0,1,0,0.32945139362218145,0.6705486063778185
276,276,Ghana,Accra,Ada,September,5.785730483241235,0.614357417,9/26/2026 18:35,9/26/2026 18:35,High,0,0,0,0,1,0,0,0,0,0,1,0,0,1,0,1,1,,1,0,0,0.30942109992835454,0.6905789000716455
277,277,Ghana,Accra,Ada,September,5.785776087914742,0.614317598,9/26/2026 18:35,9/26/2026 18:35,High,0,0,0,0,1,0,0,0,0,0,1,0,0,1,0,1,1,,1,0,0,0.30942109992835454,0.6905789000716455
278,278,Ghana,Accra,Ada,September,5.785828093350769,0.614300297,9/26/2026 18:35,9/26/2026 18:35,High,0,0,0,0,1,0,0,0,0,0,1,0,0,1,0,1,1,,0,1,0,0.32945139362218145,0.6705486063778185
279,279,Ghana,Accra,Ada,September,5.785966731594571,0.614216326,9/26/2026 18:35,9/26/2026 18:35,High,0,0,0,0,1,0,0,0,0,0,1,0,1,0,0,1,1,,1,0,0,0.40301857056250767,0.5969814294374923
280,280,Ghana,Accra,Ada,September,5.785976145065736,0.614383073,9/26/2026 18:35,9/26/2026 18:35,High,0,0,0,0,1,0,0,0,0,0,1,0,0,1,0,1,1,,0,1,0,0.32945139362218145,0.6705486063778185
281,281,Ghana,Accra,Ada,September,5.786012636054262,0.614462777,9/26/2026 18:35,9/26/2026 18:35,High,0,0,0,0,1,0,0,0,0,0,1,0,1,0,0,1,1,,1,0,0,0.40301857056250767,0.5969814294374923
